Date,Cmp,Att,Cmp%,KP
2024-08-25,60,67,89.55,1
2024-09-01,78,86,90.7,1
2024-09-14,118,126,93.65,4
2024-09-21,131,139,94.24,3
2024-09-28,119,124,95.97,4
2024-10-06,123,133,92.48,3
2024-10-19,87,92,94.57,2
2024-10-27,106,113,93.81,4
2024-11-02,128,131,97.71,1
2024-11-22,119,126,94.44,4
2024-12-07,127,137,92.7,5
2024-12-14,95,107,88.79,1
2024-12-20,83,89,93.26,2
2025-01-11,98,106,92.45,3
2025-01-15,86,97,88.66,3
2025-01-18,91,98,92.86,5
2025-01-25,68,75,90.67,1
2025-02-01,115,120,95.83,6
2025-02-07,157,164,95.73,5
2025-02-23,40,44,90.91,1
2025-03-08,16,19,84.21,3
2025-03-15,103,115,89.57,4
2025-03-29,105,117,89.74,2
2025-04-04,101,108,93.52,2
2025-04-12,86,90,95.56,2
2025-04-19,118,124,95.16,3
2025-04-26,85,92,92.39,1
2025-05-03,88,99,88.89,5
2025-05-10,97,102,95.1,1
2025-05-17,96,100,96.0,2
